dt_zop_rok;quest_class;hermin_class;source;dt_zop_kvartal;dt_zop_kvartal_datum;fin_vyuct_czv;fin_vyuct_eu;fin_vyuct_sr;fin_vyuct_sf;fin_vyuct_kraj;fin_vyuct_obec;fin_vyuct_jine_nar_ver;fin_vyuct_soukr;fin_vyuct_narodni_verejne;fin_vyuct_narodni
2015;HC;HC;mssf;4;2015-10-01;1048555686,00000000;863894544,13999999;184661141,86000001;0;0,000000000000000;0,000000000000000;0,00000000000000;0,000000000;0,00000000000000000000000000;184661141,860000014
2015;INFR;INFR;mssf;3;2015-07-01;26952337,45000000;22909486,83000000;0,00000000;0;0,000000000000000;0,000000000000000;0,00000000000000;0,000000000;0,00000000000000000000000000;4042850,620000001
2016;AIS;AIS1;prv;4;NA;0,00000000;0,00000000;0,00000000;0;0,000000000000000;0,000000000000000;0,00000000000000;0,000000000;0,00000000000000000000000000;0,000000000
2016;AIS;AIS2;mssf;1;2016-01-01;124825,00000000;62412,50000000;0,00000000;0;0,000000000000000;0,000000000000000;0,00000000000000;62412,500000000;0,00000000000000000000000000;62412,500000000
2016;AIS;AIS2;mssf;2;2016-04-01;124825,00000000;62412,50000000;0,00000000;0;0,000000000000000;0,000000000000000;0,00000000000000;62412,500000000;0,00000000000000000000000000;62412,500000000
2016;AIS;AIS2;mssf;3;2016-07-01;42982790,69000000;20748948,56000000;0,00000000;0;0,000000000000000;0,000000000000000;0,00000000000000;22233842,129999999;0,00000000004365574568510056;22233842,129999999
2016;AIS;AIS2;mssf;4;2016-10-01;15900587,46000000;7593929,59000000;0,00000000;0;0,000000000000000;0,000000000000000;0,00000000000000;8306657,870000000;-0,00000000001455191522836685;8306657,870000000
2016;AIS;AIS3;mssf;3;2016-07-01;5643423,37000000;2539540,49000000;0,00000000;0;0,000000000000000;0,000000000000000;0,00000000000000;3103882,880000000;-0,00000000002910383045673370;3103882,880000000
2016;AIS;AIS3;mssf;4;2016-10-01;7400150,00000000;3330067,50000000;0,00000000;0;0,000000000000000;0,000000000000000;0,00000000000000;4070082,500000000;0,00000000000000000000000000;4070082,500000000
2016;AIS;AIS4;mssf;3;2016-07-01;3416637,24000000;1619982,97000000;0,00000000;0;0,000000000000000;0,000000000000000;0,00000000000000;1796654,270000000;0,00000000002910383045673370;1796654,270000000
2016;AIS;AIS4;mssf;4;2016-10-01;41000000,00000000;18450000,00000000;0,00000000;0;0,000000000000000;0,000000000000000;0,00000000000000;22550000,000000000;0,00000000000000000000000000;22550000,000000000
2016;AIS;AIS5;mssf;3;2016-07-01;2315805,93000000;1042112,65000000;0,00000000;0;0,000000000000000;0,000000000000000;0,00000000000000;1273693,280000000;0,00000000005820766091346741;1273693,280000000
2016;AIS;AIS5;mssf;4;2016-10-01;1111124,11000000;500005,84000000;0,00000000;0;0,000000000000000;0,000000000000000;0,00000000000000;611118,270000000;0,00000000004365574568510056;611118,270000000
2016;HC;HC;mssf;2;2016-04-01;17034532,24000000;13860114,20000000;2398118,09000000;0;0,000000000000000;0,000000000000000;0,00000000000000;776299,950000000;84948,00000000000000000000000000;3174418,040000000
2016;HC;HC;mssf;3;2016-07-01;3521934343,67169762;2901393439,15087032;611503087,03951240;0;7,000000000000000;8,830000000487340;0,00000000000000;6648796,240000000;857939,39999999920837581157684326;620540904,520827055
2016;HC;HC;mssf;4;2016-10-01;1368032199,54157233;1133521128,43857479;225234849,78000000;0;7,000000000000000;5,000000000000000;0,00000000000000;2525816,892997473;172036,80000000004656612873077393;234511071,102997363
2016;INFR;INFR;mssf;1;2016-01-01;3263,02500000;2773,57000000;489,45500000;0;0,000000000000000;0,000000000000000;0,00000000000000;0,000000000;0,00000000000000000000000000;489,455000000
2016;INFR;INFR;mssf;2;2016-04-01;59414143,25500000;50928174,63000000;3705610,87500000;0;0,000000000000000;1,000000000000000;0,00000000000000;0,000000000;0,00000000000000000000000000;8485968,624999998
2016;INFR;INFR;mssf;3;2016-07-01;1213119193,46499991;1042650519,00000000;1830705,25500000;0;1,000000000000000;13,000000000000000;1,00000000000000;5061000,000000000;0,00000000000000000000000000;170468674,464999974
2016;INFR;INFR;mssf;4;2016-10-01;5618096172,17757511;4822935831,59318256;1723743,36939264;0;1,000000000000000;32,000000000000000;3,00000000000000;27642857,885000002;0,00000000023283064365386963;795160340,584392548
2016;INFR;INFR;prv;4;NA;0,00000000;0,00000000;0,00000000;0;0,000000000000000;0,000000000000000;0,00000000000000;0,000000000;0,00000000000000000000000000;0,000000000
2016;RD;RD;mssf;3;2016-07-01;53229050,79000000;44518693,17000000;5141405,08000000;0;0,000000000000000;0,000000000000000;0,00000000000000;3568952,540000000;5141405,07999999821186065673828125;8710357,619999997
2016;RD;RD;mssf;4;2016-10-01;119414709,34000000;93155650,77500001;10271176,51000000;0;0,000000000000000;0,000000000000000;0,00000000000000;15987882,055000000;10271176,50999999046325683593750000;26259058,564999998
2016;TA;TA;mssf;1;2016-01-01;16870666,67750000;14340066,66750000;2530600,01000000;0;0,000000000000000;0,000000000000000;0,00000000000000;0,000000000;0,00000000000000000000000000;2530600,010000000
2016;TA;TA;mssf;2;2016-04-01;211133145,44749999;179458977,35749999;31674168,09000000;0;0,000000000000000;0,000000000000000;0,00000000000000;0,000000000;0,00000000000000000000000000;31674168,090000004
2016;TA;TA;mssf;3;2016-07-01;640942644,69580221;537227069,03662944;103710382,65048768;0;0,000000000000000;0,169999999512659;0,00000000000000;0,000000000;0,00000000000000000000000000;103715575,659172788
2016;TA;TA;mssf;4;2016-10-01;562597669,48335254;477294347,79074264;59766583,24560736;0;0,000000000000000;0,000000000000000;0,00000000000000;176677,477002527;284418,16999999992549419403076172;85303321,692609891
2016;NA;NA;mssf;3;2016-07-01;0,00000000;0,00000000;0,00000000;0;0,000000000000000;0,000000000000000;0,00000000000000;0,000000000;0,00000000000000000000000000;0,000000000
2016;NA;NA;mssf;4;2016-10-01;0,00000000;0,00000000;0,00000000;0;0,000000000000000;0,000000000000000;0,00000000000000;0,000000000;0,00000000000000000000000000;0,000000000
2017;AIS;AIS1;mssf;2;2017-04-01;8258856,95000000;4209021,07000000;0,00000000;0;0,000000000000000;0,000000000000000;0,00000000000000;4049835,880000000;0,00000000000000000000000000;4049835,880000000
2017;AIS;AIS1;mssf;3;2017-07-01;18386125,80000000;7172017,61000000;0,00000000;0;0,000000000000000;0,000000000000000;0,00000000000000;11214108,189999999;0,00000000046566128730773926;11214108,190000001
2017;AIS;AIS1;prv;1;NA;0,00000000;0,00000000;0,00000000;0;0,000000000000000;0,000000000000000;0,00000000000000;0,000000000;0,00000000000000000000000000;0,000000000
2017;AIS;AIS1;prv;2;NA;0,00000000;0,00000000;0,00000000;0;0,000000000000000;0,000000000000000;0,00000000000000;0,000000000;0,00000000000000000000000000;0,000000000
2017;AIS;AIS1;prv;3;NA;0,00000000;0,00000000;0,00000000;0;0,000000000000000;0,000000000000000;0,00000000000000;0,000000000;0,00000000000000000000000000;0,000000000
2017;AIS;AIS1;prv;4;NA;0,00000000;0,00000000;0,00000000;0;0,000000000000000;0,000000000000000;0,00000000000000;0,000000000;0,00000000000000000000000000;0,000000000
2017;AIS;AIS2;mssf;1;2017-01-01;333645333,91250002;137198496,00250000;0,00000000;0;0,000000000000000;0,000000000000000;0,00000000000000;196446837,909999996;0,00000000133877620100975037;196446837,909999996
2017;AIS;AIS2;mssf;2;2017-04-01;1329571517,17249990;531066859,05250001;0,00000000;0;0,000000000000000;0,000000000000000;0,00000000000000;798504658,120000005;-0,00000000256113708019256592;798504658,120000005
2017;AIS;AIS2;mssf;3;2017-07-01;1769427265,80250001;734240906,91250002;0,00000000;0;0,000000000000000;0,000000000000000;0,00000000000000;1035186358,889999986;0,00000000222644302994012833;1035186358,889999986
2017;AIS;AIS2;mssf;4;2017-10-01;600869751,93250000;246199983,27250001;0,00000000;0;0,000000000000000;0,000000000000000;0,00000000000000;354669768,660000026;-0,00000000107684172689914703;354669768,660000026
2017;AIS;AIS3;mssf;1;2017-01-01;27919046,32000000;11813540,95500000;60483,52000000;0;0,000000000000000;0,000000000000000;0,00000000000000;16045021,844999999;60483,52000000228872522711753845;16105505,365000000
2017;AIS;AIS3;mssf;2;2017-04-01;151750223,28000000;63402240,13500000;78084,60000000;0;0,000000000000000;0,000000000000000;0,00000000000000;88269898,545000002;78084,59999999855062924325466156;88347983,144999996
2017;AIS;AIS3;mssf;3;2017-07-01;309843675,61000001;146648170,21500000;3047405,76000000;0;0,000000000000000;2,000000000000000;0,00000000000000;159855280,735000014;1914566,63000000524334609508514404;163195505,395000011
2017;AIS;AIS3;mssf;4;2017-10-01;57127434,43000000;29773643,16500000;817275,44000000;0;0,000000000000000;0,000000000000000;0,00000000000000;26536515,824999999;568670,14999999874271452426910400;27353791,265000001
2017;AIS;AIS4;mssf;1;2017-01-01;408557530,06750000;157922571,15250000;0,00000000;0;0,000000000000000;0,000000000000000;0,00000000000000;250634958,914999992;-0,00000000168438418768346310;250243473,107499987
2017;AIS;AIS4;mssf;2;2017-04-01;852769985,03750002;349102193,50250000;0,00000000;0;0,000000000000000;0,000000000000000;0,00000000000000;503667791,535000026;-0,00000000526415533386170864;503276305,727500021
2017;AIS;AIS4;mssf;3;2017-07-01;696922376,40750003;273908305,36250001;0,00000000;0;0,000000000000000;0,000000000000000;0,00000000000000;423014071,045000017;0,00000000110958353616297245;422622585,237500012
2017;AIS;AIS4;mssf;4;2017-10-01;199595814,56750000;76065729,72250000;0,00000000;0;0,000000000000000;0,000000000000000;0,00000000000000;123530084,844999999;0,00000000000363797880709171;123138599,037500009
2017;AIS;AIS4;prv;3;NA;0,00000000;0,00000000;0,00000000;0;0,000000000000000;0,000000000000000;0,00000000000000;0,000000000;0,00000000000000000000000000;0,000000000
2017;AIS;AIS4;prv;4;NA;0,00000000;0,00000000;0,00000000;0;0,000000000000000;0,000000000000000;0,00000000000000;0,000000000;0,00000000000000000000000000;0,000000000
2017;AIS;AIS5;mssf;1;2017-01-01;7578815,05000000;4638323,35000000;0,00000000;0;0,000000000000000;0,000000000000000;0,00000000000000;2940491,700000000;-0,00000000023283064365386963;2940491,700000000
2017;AIS;AIS5;mssf;2;2017-04-01;126896395,02000000;57379367,78000000;866035,52000000;0;1,000000000000000;0,000000000000000;0,00000000000000;68614384,180000007;-0,00000000011641532182693481;69517027,239999995
2017;AIS;AIS5;mssf;3;2017-07-01;221724102,94000000;109222337,63000000;2662398,04000000;0;4,000000000000000;1,000000000000000;0,00000000000000;107831759,969999999;1188753,00000000069849193096160889;112501765,310000002
2017;AIS;AIS5;mssf;4;2017-10-01;53990879,74000000;29384158,36000000;3404,55000000;0;7,000000000000000;0,000000000000000;0,00000000000000;17461604,030000001;6276277,79999999981373548507690430;24606721,379999999
2017;HC;HC;mssf;1;2017-01-01;716093580,06813681;601696163,26413345;88676273,28900336;0;14,000000000000000;9,000000000000000;1,00000000000000;8947354,115000000;8591202,97000000067055225372314453;114397416,804003373
2017;HC;HC;mssf;2;2017-04-01;2124167844,65014863;1771313253,04666257;299016607,02472228;0;59,000000000000000;50,830000000487338;0,00000000000000;24277030,776318934;22791065,26999999955296516418457031;352854591,603486180
2017;HC;HC;mssf;3;2017-07-01;3992624476,34161472;3290731119,51617622;603087036,23441911;0;87,000000000000000;86,830000000487345;3,00000000000000;57699225,184875779;30621263,73999999836087226867675781;701893356,825438380
2017;HC;HC;mssf;4;2017-10-01;1518360000,66798472;1252889800,20579529;208844682,93189743;0;68,000000000000000;33,000000000000000;0,00000000000000;23624716,710292038;16468433,20000000298023223876953125;265470200,462189496
2017;HC;HC;prv;3;NA;0,00000000;0,00000000;0,00000000;0;0,000000000000000;0,000000000000000;0,00000000000000;0,000000000;0,00000000000000000000000000;0,000000000
2017;INFR;INFR;mssf;1;2017-01-01;3920816858,50250006;3298182388,58750010;5277392,74000000;0;10,000000000000000;24,500000000000000;1,00000000000000;143957563,300000012;769999,99999999208375811576843262;622634469,914999962
2017;INFR;INFR;mssf;2;2017-04-01;10046370986,74106598;8234680965,78383923;35319512,04722729;0;21,000000000000000;185,500000000000000;4,00000000000000;545596430,565000057;85486,50000000206637196242809296;1811690020,957227230
2017;INFR;INFR;mssf;3;2017-07-01;12762837336,76749611;10183469929,92249680;78716442,30999926;0;48,000000000000000;542,500000000000000;21,00000000000000;964942373,639999986;15991589,89999998919665813446044922;2579367406,844999313
2017;INFR;INFR;mssf;4;2017-10-01;5719017430,07745838;4361411162,03966522;18615794,09200202;0;33,000000000000000;394,500000000000000;9,00000000000000;351792252,720000029;13518693,32000000774860382080078125;1357606268,037793159
2017;INFR;INFR;prv;1;NA;0,00000000;0,00000000;0,00000000;0;0,000000000000000;0,000000000000000;0,00000000000000;0,000000000;0,00000000000000000000000000;0,000000000
2017;INFR;INFR;prv;2;NA;0,00000000;0,00000000;0,00000000;0;0,000000000000000;0,000000000000000;0,00000000000000;0,000000000;0,00000000000000000000000000;0,000000000
2017;INFR;INFR;prv;3;NA;0,00000000;0,00000000;0,00000000;0;0,000000000000000;0,000000000000000;0,00000000000000;0,000000000;0,00000000000000000000000000;0,000000000
2017;INFR;INFR;prv;4;NA;0,00000000;0,00000000;0,00000000;0;0,000000000000000;0,000000000000000;0,00000000000000;0,000000000;0,00000000000000000000000000;0,000000000
2017;RD;RD;mssf;1;2017-01-01;299156242,23250002;226596401,13749999;23310633,77000000;0;0,000000000000000;0,000000000000000;0,00000000000000;49249207,325000003;23310633,77000001072883605957031250;72559841,095000014
2017;RD;RD;mssf;2;2017-04-01;991327100,24249995;608056595,54250002;48273018,62000000;0;0,000000000000000;0,000000000000000;0,00000000000000;334997486,079999983;47620986,15000000596046447753906250;383270504,699999988
2017;RD;RD;mssf;3;2017-07-01;1991084509,27749991;1235486568,23249984;121570185,99500000;0;0,000000000000000;0,000000000000000;0,00000000000000;634027755,049999952;120696475,29500000178813934326171875;755597941,044999957
2017;RD;RD;mssf;4;2017-10-01;277604245,46249998;128750135,04750000;842616,12000000;0;0,000000000000000;0,000000000000000;0,00000000000000;148011494,294999987;842616,11999999848194420337677002;148854110,414999992
2017;RD;RD;prv;1;NA;0,00000000;0,00000000;0,00000000;0;0,000000000000000;0,000000000000000;0,00000000000000;0,000000000;0,00000000000000000000000000;0,000000000
2017;RD;RD;prv;3;NA;0,00000000;0,00000000;0,00000000;0;0,000000000000000;0,000000000000000;0,00000000000000;0,000000000;0,00000000000000000000000000;0,000000000
2017;RD;RD;prv;4;NA;0,00000000;0,00000000;0,00000000;0;0,000000000000000;0,000000000000000;0,00000000000000;0,000000000;0,00000000000000000000000000;0,000000000
2017;TA;TA;mssf;1;2017-01-01;534133802,65686321;446352574,85586655;79819384,14099663;0;2,000000000000000;5,000000000000000;0,00000000000000;1070230,410000000;0,00000000005820766091346741;87781227,800996646
2017;TA;TA;mssf;2;2017-04-01;1057479084,47128463;881984725,93699801;145163962,12805045;0;4,000000000000000;24,169999999512658;2,00000000000000;5070725,948681065;5603828,52999999653548002243041992;175494358,534286499
2017;TA;TA;mssf;3;2017-07-01;1217712511,54338956;1022247092,19382715;154385981,54558164;0;9,000000000000000;58,169999999512662;8,00000000000000;2758863,410124219;80453,37999999988824129104614258;195465419,349562347
2017;TA;TA;mssf;4;2017-10-01;501165465,65205693;420471172,83203942;73914193,04610054;0;1,000000000000000;25,000000000000000;2,00000000000000;2770390,384707964;5734558,25999999791383743286132812;80694292,820017517
2017;TA;TA;prv;2;NA;0,00000000;0,00000000;0,00000000;0;0,000000000000000;0,000000000000000;0,00000000000000;0,000000000;0,00000000000000000000000000;0,000000000
2017;TA;TA;prv;3;NA;0,00000000;0,00000000;0,00000000;0;0,000000000000000;0,000000000000000;0,00000000000000;0,000000000;0,00000000000000000000000000;0,000000000
2017;TA;TA;prv;4;NA;0,00000000;0,00000000;0,00000000;0;0,000000000000000;0,000000000000000;0,00000000000000;0,000000000;0,00000000000000000000000000;0,000000000
2017;NA;NA;mssf;1;2017-01-01;0,00000000;0,00000000;0,00000000;0;0,000000000000000;0,000000000000000;0,00000000000000;0,000000000;0,00000000000000000000000000;0,000000000
2017;NA;NA;mssf;2;2017-04-01;0,00000000;0,00000000;0,00000000;0;0,000000000000000;0,000000000000000;0,00000000000000;0,000000000;0,00000000000000000000000000;0,000000000
2017;NA;NA;mssf;3;2017-07-01;0,00000000;0,00000000;0,00000000;0;0,000000000000000;0,000000000000000;0,00000000000000;0,000000000;0,00000000000000000000000000;0,000000000
2017;NA;NA;mssf;4;2017-10-01;0,00000000;0,00000000;0,00000000;0;0,000000000000000;0,000000000000000;0,00000000000000;0,000000000;0,00000000000000000000000000;0,000000000
2018;AIS;AIS1;mssf;1;2018-01-01;2259487,00000000;903794,80000000;0,00000000;0;0,000000000000000;0,000000000000000;0,00000000000000;1355692,200000000;0,00000000000000000000000000;1355692,200000000
2018;AIS;AIS1;mssf;2;2018-04-01;3824149,00000000;1664274,50000000;0,00000000;0;0,000000000000000;0,000000000000000;0,00000000000000;2159874,500000000;0,00000000000000000000000000;2159874,500000000
2018;AIS;AIS1;mssf;3;2018-07-01;36449473,73500000;15406498,11500000;0,00000000;0;1,500000000000000;0,000000000000000;0,00000000000000;19764845,385000002;1278130,23499999940395355224609375;21042975,620000001
2018;AIS;AIS1;mssf;4;2018-10-01;8396193,38000000;4050384,69000000;0,00000000;0;0,000000000000000;0,000000000000000;0,00000000000000;4345808,689999999;0,00000000000000000000000000;4345808,689999999
2018;AIS;AIS1;prv;1;NA;0,00000000;0,00000000;0,00000000;0;0,000000000000000;0,000000000000000;0,00000000000000;0,000000000;0,00000000000000000000000000;0,000000000
2018;AIS;AIS1;prv;2;NA;0,00000000;0,00000000;0,00000000;0;0,000000000000000;0,000000000000000;0,00000000000000;0,000000000;0,00000000000000000000000000;0,000000000
2018;AIS;AIS1;prv;3;NA;0,00000000;0,00000000;0,00000000;0;0,000000000000000;0,000000000000000;0,00000000000000;0,000000000;0,00000000000000000000000000;0,000000000
2018;AIS;AIS1;prv;4;NA;0,00000000;0,00000000;0,00000000;0;0,000000000000000;0,000000000000000;0,00000000000000;0,000000000;0,00000000000000000000000000;0,000000000
2018;AIS;AIS2;mssf;1;2018-01-01;1698762415,09750009;712342806,11249995;0,00000000;0;0,000000000000000;0,000000000000000;0,00000000000000;986419608,985000014;0,00000000924774212762713432;986419608,985000014
2018;AIS;AIS2;mssf;2;2018-04-01;3223433434,82749987;1317468027,28250003;0,00000000;0;0,000000000000000;0,000000000000000;0,00000000000000;1905965407,545000076;0,00000000558816282136831433;1905965407,545000076
2018;AIS;AIS2;mssf;3;2018-07-01;2860771167,14750004;1121179220,70250010;0,00000000;0;4,000000000000000;0,000000000000000;0,00000000000000;1734320589,444999933;3271368,99999998882412910461425781;1739591946,444999933
2018;AIS;AIS2;mssf;4;2018-10-01;675100435,98749995;266459282,41249999;0,00000000;0;0,000000000000000;0,000000000000000;0,00000000000000;408641153,574999988;-0,00000000497675500810146332;408641153,574999988
2018;AIS;AIS3;mssf;1;2018-01-01;162080069,94999999;77187429,94000000;412383,82000000;0;0,000000000000000;2,000000000000000;0,00000000000000;84372564,180000007;294908,97999999998137354850769043;84892640,010000005
2018;AIS;AIS3;mssf;2;2018-04-01;297266908,52999997;158251627,75999999;7306790,00000000;0;0,000000000000000;6,000000000000000;0,00000000000000;131363171,739999995;4741665,39000000245869159698486328;139015280,770000011
2018;AIS;AIS3;mssf;3;2018-07-01;409156390,88499999;235982954,72499999;11813271,82000000;0;4,500000000000000;7,000000000000000;0,00000000000000;153421038,534999996;12469121,02499999850988388061523438;173173436,159999996
2018;AIS;AIS3;mssf;4;2018-10-01;43722221,12000000;30366273,35000000;3349066,18000000;0;0,000000000000000;0,000000000000000;0,00000000000000;10006881,590000000;1263889,08999999775551259517669678;13355947,770000000
2018;AIS;AIS4;mssf;1;2018-01-01;212272950,53500000;89088623,17000000;0,00000000;0;0,000000000000000;0,000000000000000;0,00000000000000;123184327,364999995;0,00000000056752469390630722;123184327,364999995
2018;AIS;AIS4;mssf;2;2018-04-01;665190447,49500000;279847361,50000000;0,00000000;0;0,000000000000000;0,000000000000000;0,00000000000000;385343085,995000005;-0,00000000282307155430316925;385343085,995000005
2018;AIS;AIS4;mssf;3;2018-07-01;1196741644,29500008;457052452,68000001;0,00000000;0;3,000000000000000;0,000000000000000;0,00000000000000;737336247,264999986;2101148,20000000298023223876953125;739689191,615000010
2018;AIS;AIS4;mssf;4;2018-10-01;306707921,27499998;115992692,48999999;0,00000000;0;0,000000000000000;0,000000000000000;0,00000000000000;190715228,784999996;-0,00000000206637196242809296;190715228,784999996
2018;AIS;AIS4;prv;1;NA;0,00000000;0,00000000;0,00000000;0;0,000000000000000;0,000000000000000;0,00000000000000;0,000000000;0,00000000000000000000000000;0,000000000
2018;AIS;AIS4;prv;2;NA;0,00000000;0,00000000;0,00000000;0;0,000000000000000;0,000000000000000;0,00000000000000;0,000000000;0,00000000000000000000000000;0,000000000
2018;AIS;AIS4;prv;3;NA;0,00000000;0,00000000;0,00000000;0;0,000000000000000;0,000000000000000;0,00000000000000;0,000000000;0,00000000000000000000000000;0,000000000
2018;AIS;AIS4;prv;4;NA;0,00000000;0,00000000;0,00000000;0;0,000000000000000;0,000000000000000;0,00000000000000;0,000000000;0,00000000000000000000000000;0,000000000
2018;AIS;AIS5;mssf;1;2018-01-01;195396807,18000001;103354731,39999999;2349458,68000000;0;6,000000000000000;1,000000000000000;0,00000000000000;86359196,590000004;1336656,18000000272877514362335205;92042075,780000001
2018;AIS;AIS5;mssf;2;2018-04-01;339286063,44999999;213154540,65000001;8914709,55000000;0;19,000000000000000;0,000000000000000;0,00000000000000;92887165,299999997;17960505,92000000178813934326171875;126131522,799999997
2018;AIS;AIS5;mssf;3;2018-07-01;715223495,73000002;463409371,94000000;18778096,56000000;0;38,000000000000000;4,000000000000000;0,00000000000000;189804575,300000012;20177425,90000000223517417907714844;251814123,789999992
2018;AIS;AIS5;mssf;4;2018-10-01;222049420,16999999;87931060,93000001;0,00000000;0;5,000000000000000;0,000000000000000;0,00000000000000;116726626,609999999;15926177,90000000037252902984619141;134118359,239999995
2018;HC;HC;mssf;1;2018-01-01;1995840227,49571705;1652127412,86727023;276199688,17385405;0;57,250000000000000;60,000000000000000;5,00000000000000;36310132,722092666;29531485,41500000283122062683105469;343712814,628446698
2018;HC;HC;mssf;2;2018-04-01;4729785959,68844128;3885339411,45217133;670106735,41623890;0;149,250000000000000;121,440000000595248;11,83000000017422;102633267,105065927;79079565,42499999701976776123046875;844446548,236269712
2018;HC;HC;mssf;3;2018-07-01;5558101123,81776619;4543643055,36831284;781650280,66781294;0;272,250000000000000;169,440000000595262;39,83000000017422;105302176,696773261;123994346,31499999761581420898437500;1014458068,449453831
2018;HC;HC;mssf;4;2018-10-01;1743687184,49051571;1413166990,63310528;267927494,30294299;0;89,250000000000000;16,000000000000000;8,00000000000000;23373129,531967591;18035906,81500000134110450744628906;330520193,857410550
2018;HC;HC;prv;1;NA;0,00000000;0,00000000;0,00000000;0;0,000000000000000;0,000000000000000;0,00000000000000;0,000000000;0,00000000000000000000000000;0,000000000
2018;HC;HC;prv;2;NA;0,00000000;0,00000000;0,00000000;0;0,000000000000000;0,000000000000000;0,00000000000000;0,000000000;0,00000000000000000000000000;0,000000000
2018;HC;HC;prv;3;NA;0,00000000;0,00000000;0,00000000;0;0,000000000000000;0,000000000000000;0,00000000000000;0,000000000;0,00000000000000000000000000;0,000000000
2018;HC;HC;prv;4;NA;0,00000000;0,00000000;0,00000000;0;0,000000000000000;0,000000000000000;0,00000000000000;0,000000000;0,00000000000000000000000000;0,000000000
2018;INFR;INFR;mssf;1;2018-01-01;6391692125,22758484;4824495304,27761841;163764516,44371599;0;41,000000000000000;332,000000000000000;4,00000000000000;786774852,776250005;14366813,84000002592802047729492188;1567196820,949965954
2018;INFR;INFR;mssf;2;2018-04-01;13997593890,49623108;10472409825,58914948;187522464,40583131;0;114,000000000000000;826,000000000000000;24,00000000000000;1722008779,691250086;100050673,16000001132488250732421875;3525184064,907081127
2018;INFR;INFR;mssf;3;2018-07-01;30646076759,87562561;23230007205,57741547;878611371,58695972;0;277,000000000000000;1646,000000000000000;85,00000000000000;3697988860,401249886;230337738,41999995708465576171875000;7416069554,298209190
2018;INFR;INFR;mssf;4;2018-10-01;9768575390,08930588;6866784547,76774597;193076419,05605546;0;110,000000000000000;619,000000000000000;18,00000000000000;1167078663,086250067;147530532,46999999880790710449218750;2901790842,321559429
2018;INFR;INFR;prv;1;NA;0,00000000;0,00000000;0,00000000;0;0,000000000000000;0,000000000000000;0,00000000000000;0,000000000;0,00000000000000000000000000;0,000000000
2018;INFR;INFR;prv;2;NA;0,00000000;0,00000000;0,00000000;0;0,000000000000000;0,000000000000000;0,00000000000000;0,000000000;0,00000000000000000000000000;0,000000000
2018;INFR;INFR;prv;3;NA;0,00000000;0,00000000;0,00000000;0;0,000000000000000;0,000000000000000;0,00000000000000;0,000000000;0,00000000000000000000000000;0,000000000
2018;INFR;INFR;prv;4;NA;0,00000000;0,00000000;0,00000000;0;0,000000000000000;0,000000000000000;0,00000000000000;0,000000000;0,00000000000000000000000000;0,000000000
2018;RD;RD;mssf;1;2018-01-01;987988527,16499996;534327230,68124998;38678659,86000000;0;0,000000000000000;0,000000000000000;0,00000000000000;414982636,623749971;37777817,14000000804662704467773438;453661296,483750045
2018;RD;RD;mssf;2;2018-04-01;2157475734,50500011;1293162423,07625008;161655363,71000001;0;1,000000000000000;0,000000000000000;2,00000000000000;702370211,948750019;158898472,07000002264976501464843750;864313311,428750038
2018;RD;RD;mssf;3;2018-07-01;5756828173,89999962;3640851607,63625002;525728763,57499999;0;2,000000000000000;0,000000000000000;11,00000000000000;1586357739,568749905;448134687,28500002622604370117187500;2115976566,263750076
2018;RD;RD;mssf;4;2018-10-01;791367005,78499997;404032964,41125000;20925938,08000000;0;2,000000000000000;0,000000000000000;4,00000000000000;364486476,103749990;17925358,39000000804662704467773438;387334041,373749971
2018;RD;RD;prv;2;NA;0,00000000;0,00000000;0,00000000;0;0,000000000000000;0,000000000000000;0,00000000000000;0,000000000;0,00000000000000000000000000;0,000000000
2018;RD;RD;prv;3;NA;0,00000000;0,00000000;0,00000000;0;0,000000000000000;0,000000000000000;0,00000000000000;0,000000000;0,00000000000000000000000000;0,000000000
2018;TA;TA;mssf;1;2018-01-01;494692131,40169823;408686207,86386096;70405012,76242995;0;2,000000000000000;42,000000000000000;2,00000000000000;1350202,995407336;134916,11999999952968209981918335;86005923,537837297
2018;TA;TA;mssf;2;2018-04-01;1499481802,31532788;1264708886,47742891;195752977,79792982;0;11,000000000000000;111,559999999404752;9,16999999982578;9146840,212434074;7980674,58999999705702066421508789;234772915,837898970
2018;TA;TA;mssf;3;2018-07-01;1839202575,03660941;1566207656,49802279;210581475,88022733;0;15,000000000000000;233,559999999404738;24,16999999982578;8113870,490726742;8642124,47000000067055225372314453;272994918,538586497
2018;TA;TA;mssf;4;2018-10-01;260565740,45517886;226287995,01289886;24730372,65600156;0;1,000000000000000;32,000000000000000;4,00000000000000;835282,295532407;-0,00000000024738255888223648;34277745,442279972
2018;TA;TA;prv;1;NA;0,00000000;0,00000000;0,00000000;0;0,000000000000000;0,000000000000000;0,00000000000000;0,000000000;0,00000000000000000000000000;0,000000000
2018;TA;TA;prv;2;NA;0,00000000;0,00000000;0,00000000;0;0,000000000000000;0,000000000000000;0,00000000000000;0,000000000;0,00000000000000000000000000;0,000000000
2018;TA;TA;prv;3;NA;0,00000000;0,00000000;0,00000000;0;0,000000000000000;0,000000000000000;0,00000000000000;0,000000000;0,00000000000000000000000000;0,000000000
2018;TA;TA;prv;4;NA;0,00000000;0,00000000;0,00000000;0;0,000000000000000;0,000000000000000;0,00000000000000;0,000000000;0,00000000000000000000000000;0,000000000
2019;AIS;AIS1;mssf;1;2019-01-01;28212283,17000000;10566010,68000000;0,00000000;0;0,000000000000000;0,000000000000000;0,00000000000000;17646272,490000002;-0,00000000087311491370201111;17646272,490000002
2019;AIS;AIS1;mssf;2;2019-04-01;16636417,99500000;6836227,29500000;0,00000000;0;1,500000000000000;0,000000000000000;0,00000000000000;7861546,880000000;1938643,81999999983236193656921387;9800190,699999999
2019;AIS;AIS1;mssf;3;2019-07-01;50753282,03500000;22548122,29500000;0,00000000;0;1,500000000000000;0,000000000000000;0,00000000000000;26634066,809999999;1571092,93000000063329935073852539;28205159,740000002
2019;AIS;AIS1;mssf;4;2019-10-01;3079296,49000000;1598877,89000000;0,00000000;0;0,000000000000000;0,000000000000000;0,00000000000000;1480418,600000000;0,00000000000000000000000000;1480418,600000000
2019;AIS;AIS1;prv;1;NA;0,00000000;0,00000000;0,00000000;0;0,000000000000000;0,000000000000000;0,00000000000000;0,000000000;0,00000000000000000000000000;0,000000000
2019;AIS;AIS1;prv;2;NA;0,00000000;0,00000000;0,00000000;0;0,000000000000000;0,000000000000000;0,00000000000000;0,000000000;0,00000000000000000000000000;0,000000000
2019;AIS;AIS1;prv;3;NA;0,00000000;0,00000000;0,00000000;0;0,000000000000000;0,000000000000000;0,00000000000000;0,000000000;0,00000000000000000000000000;0,000000000
2019;AIS;AIS1;prv;4;NA;0,00000000;0,00000000;0,00000000;0;0,000000000000000;0,000000000000000;0,00000000000000;0,000000000;0,00000000000000000000000000;0,000000000
2019;AIS;AIS2;mssf;1;2019-01-01;1447868549,31999993;588103556,44250000;0,00000000;0;1,250000000000000;0,000000000000000;0,00000000000000;859139584,107499957;700130,02000001759734004735946655;859764992,877500057
2019;AIS;AIS2;mssf;2;2019-04-01;1672992852,06999993;696089013,46249998;0,00000000;0;3,250000000000000;0,000000000000000;0,00000000000000;972291207,507500052;4388467,35000000800937414169311523;976903838,607499957
2019;AIS;AIS2;mssf;3;2019-07-01;1401829198,62999988;578465847,66250002;0,00000000;0;2,250000000000000;0,000000000000000;0,00000000000000;821167791,297500014;2270280,91999999620020389556884766;823363350,967499971
2019;AIS;AIS2;mssf;4;2019-10-01;715174756,13000000;302181224,27249998;0,00000000;0;2,250000000000000;0,000000000000000;0,00000000000000;410126403,057500005;2941850,05000000353902578353881836;412993531,857500017
2019;AIS;AIS3;mssf;1;2019-01-01;85161079,75000000;60382782,78000000;4758656,40000000;0;1,000000000000000;2,000000000000000;0,00000000000000;18061056,609999999;3783140,78999999910593032836914062;24778296,969999999
2019;AIS;AIS3;mssf;2;2019-04-01;339005581,15499997;236646828,82499999;15618582,03000000;0;3,500000000000000;8,000000000000000;0,00000000000000;73617109,030000001;13060672,93999999761581420898437500;102358752,329999998
2019;AIS;AIS3;mssf;3;2019-07-01;407865176,47500002;298884114,16500002;25193698,08000000;0;5,500000000000000;7,000000000000000;0,00000000000000;67021238,409999996;17714000,71000000089406967163085938;108981062,309999987
2019;AIS;AIS3;mssf;4;2019-10-01;159727804,91000000;119751776,23999999;10282425,86000000;0;1,000000000000000;2,000000000000000;0,00000000000000;27525370,590000000;9118927,58999999985098838806152344;39976028,670000002
2019;AIS;AIS4;mssf;1;2019-01-01;552401226,34000003;226693612,75000000;0,00000000;0;0,000000000000000;0,000000000000000;0,00000000000000;325707613,589999974;0,00000000366708263754844666;325707613,589999974
2019;AIS;AIS4;mssf;2;2019-04-01;598530039,13000000;239640617,38000000;0,00000000;0;2,000000000000000;0,000000000000000;0,00000000000000;355876527,009999990;3012894,74000000022351741790771484;358889421,750000000
2019;AIS;AIS4;mssf;3;2019-07-01;751077887,36000001;269747228,70999998;0,00000000;0;2,000000000000000;0,000000000000000;0,00000000000000;478704542,430000007;2626116,21999999415129423141479492;481330658,649999976
2019;AIS;AIS4;mssf;4;2019-10-01;76031201,61000000;33674464,99000000;0,00000000;0;0,000000000000000;0,000000000000000;0,00000000000000;42356736,619999997;-0,00000000116415321826934814;42356736,619999997
2019;AIS;AIS4;prv;1;NA;0,00000000;0,00000000;0,00000000;0;0,000000000000000;0,000000000000000;0,00000000000000;0,000000000;0,00000000000000000000000000;0,000000000
2019;AIS;AIS4;prv;2;NA;0,00000000;0,00000000;0,00000000;0;0,000000000000000;0,000000000000000;0,00000000000000;0,000000000;0,00000000000000000000000000;0,000000000
2019;AIS;AIS4;prv;3;NA;0,00000000;0,00000000;0,00000000;0;0,000000000000000;0,000000000000000;0,00000000000000;0,000000000;0,00000000000000000000000000;0,000000000
2019;AIS;AIS4;prv;4;NA;0,00000000;0,00000000;0,00000000;0;0,000000000000000;0,000000000000000;0,00000000000000;0,000000000;0,00000000000000000000000000;0,000000000
2019;AIS;AIS5;mssf;1;2019-01-01;420307377,17000002;274537127,72000003;13700590,91000000;0;17,250000000000000;4,000000000000000;0,00000000000000;108656218,689999998;13525972,59999999776482582092285156;145770249,449999988
2019;AIS;AIS5;mssf;2;2019-04-01;609436339,90999997;376932081,29000002;17443303,95000000;0;30,250000000000000;1,000000000000000;0,00000000000000;180528492,229999989;25914360,69000000506639480590820312;232504258,620000005
2019;AIS;AIS5;mssf;3;2019-07-01;719367914,36000001;480979979,31999999;24477773,86000000;0;44,250000000000000;3,000000000000000;0,00000000000000;152984292,840000004;53521809,62999999523162841796875000;238387935,039999992
2019;AIS;AIS5;mssf;4;2019-10-01;317538175,18000001;215763427,84999999;11668199,09000000;0;11,250000000000000;2,000000000000000;0,00000000000000;40907146,850000001;40314606,75000000000000000000000000;101774747,329999998
2019;HC;HC;mssf;1;2019-01-01;2842362156,89851475;2346220731,82790804;408951534,42267781;0;70,500000000000000;126,440000000595248;30,00000000000000;52403509,600000001;56764808,21999999880790710449218750;496141425,070606649
2019;HC;HC;mssf;2;2019-04-01;4574556937,47980118;3766940703,94511366;637328007,30444276;0;216,500000000000000;184,000000000000000;60,83000000017422;89651147,512822047;98613147,29999999701976776123046875;807616233,534687757
2019;HC;HC;mssf;3;2019-07-01;5069562051,13819885;4154989054,26434708;729007916,46880805;0;272,500000000000000;204,610000000107902;61,83000000017422;67496932,566309005;81879151,62999999523162841796875000;914572996,873851418
2019;HC;HC;mssf;4;2019-10-01;1038373369,35292268;854651069,17828834;140634309,66210121;0;44,500000000000000;37,000000000000000;20,00000000000000;15594158,195033100;14012621,18000000528991222381591797;183722300,174634308
2019;HC;HC;prv;1;NA;0,00000000;0,00000000;0,00000000;0;0,000000000000000;0,000000000000000;0,00000000000000;0,000000000;0,00000000000000000000000000;0,000000000
2019;HC;HC;prv;2;NA;0,00000000;0,00000000;0,00000000;0;0,000000000000000;0,000000000000000;0,00000000000000;0,000000000;0,00000000000000000000000000;0,000000000
2019;HC;HC;prv;3;NA;0,00000000;0,00000000;0,00000000;0;0,000000000000000;0,000000000000000;0,00000000000000;0,000000000;0,00000000000000000000000000;0,000000000
2019;INFR;INFR;mssf;1;2019-01-01;12873712055,15263367;9476176546,63300323;340770239,63213086;0;127,000000000000000;515,000000000000000;12,00000000000000;1928299980,302500010;65620634,83999999612569808959960938;3397535508,519630909
2019;INFR;INFR;mssf;2;2019-04-01;19901317329,81806183;15147672042,64005661;516626814,53043079;0;286,500000000000000;1031,500000000000000;47,00000000000000;2146664917,007499933;261708748,54999998211860656738281250;4753645287,178006172
2019;INFR;INFR;mssf;3;2019-07-01;22323702833,80416870;16950318336,77560425;619212355,66106248;0;261,000000000000000;1295,500000000000000;46,00000000000000;2307882644,442500114;196767552,13999998569488525390625000;5373384497,028562546
2019;INFR;INFR;mssf;4;2019-10-01;10879382294,32276917;8203614613,93813705;303238643,38715363;0;105,000000000000000;791,000000000000000;36,00000000000000;597278490,657500029;39218561,35000000149011611938476562;2675767680,384631634
2019;INFR;INFR;prv;1;NA;0,00000000;0,00000000;0,00000000;0;0,000000000000000;0,000000000000000;0,00000000000000;0,000000000;0,00000000000000000000000000;0,000000000
2019;INFR;INFR;prv;2;NA;0,00000000;0,00000000;0,00000000;0;0,000000000000000;0,000000000000000;0,00000000000000;0,000000000;0,00000000000000000000000000;0,000000000
2019;INFR;INFR;prv;3;NA;0,00000000;0,00000000;0,00000000;0;0,000000000000000;0,000000000000000;0,00000000000000;0,000000000;0,00000000000000000000000000;0,000000000
2019;INFR;INFR;prv;4;NA;0,00000000;0,00000000;0,00000000;0;0,000000000000000;0,000000000000000;0,00000000000000;0,000000000;0,00000000000000000000000000;0,000000000
2019;RD;RD;mssf;1;2019-01-01;1638324146,54999995;892884542,71500003;102139102,64500000;0;0,000000000000000;0,000000000000000;16,00000000000000;636954332,889999986;81645806,26500001549720764160156250;745439603,835000038
2019;RD;RD;mssf;2;2019-04-01;3660434063,73000002;2232431207,78499985;282623480,26999998;0;4,000000000000000;0,000000000000000;35,00000000000000;1118463060,654999971;157976124,03000000119209289550781250;1428002855,944999933
2019;RD;RD;mssf;3;2019-07-01;3905582330,46999979;2542479990,73500013;378920283,25000000;0;1,000000000000000;0,000000000000000;45,50000000000000;939313996,394999981;188886964,68999999761581420898437500;1363102339,734999895
2019;RD;RD;mssf;4;2019-10-01;1189973603,08500004;754204634,05499995;64486809,14000000;0;1,000000000000000;0,000000000000000;20,00000000000000;359369811,110000014;32113959,61999997869133949279785156;435768969,029999971
2019;RD;RD;prv;1;NA;0,00000000;0,00000000;0,00000000;0;0,000000000000000;0,000000000000000;0,00000000000000;0,000000000;0,00000000000000000000000000;0,000000000
2019;RD;RD;prv;2;NA;0,00000000;0,00000000;0,00000000;0;0,000000000000000;0,000000000000000;0,00000000000000;0,000000000;0,00000000000000000000000000;0,000000000
2019;RD;RD;prv;3;NA;0,00000000;0,00000000;0,00000000;0;0,000000000000000;0,000000000000000;0,00000000000000;0,000000000;0,00000000000000000000000000;0,000000000
2019;RD;RD;prv;4;NA;0,00000000;0,00000000;0,00000000;0;0,000000000000000;0,000000000000000;0,00000000000000;0,000000000;0,00000000000000000000000000;0,000000000
2019;TA;TA;mssf;1;2019-01-01;879548322,71885204;758845231,57533956;102629819,99394135;0;3,000000000000000;139,559999999404738;11,00000000000000;6376193,140000000;5195548,43999999575316905975341797;120703091,143512473
2019;TA;TA;mssf;2;2019-04-01;1938689858,23213625;1661551848,34607983;222551123,45887646;0;20,000000000000000;265,000000000000000;26,16999999982578;14471717,517177958;7469943,62000000290572643280029297;277138009,886056483
2019;TA;TA;mssf;3;2019-07-01;1767283097,96763444;1519122771,71629834;167973807,35887954;0;13,000000000000000;273,389999999892098;26,16999999982578;10467112,893690994;7435178,54000000376254320144653320;248160326,251336187
2019;TA;TA;mssf;4;2019-10-01;520112002,04430902;444906559,69482493;65444591,41949519;0;0,000000000000000;51,000000000000000;9,00000000000000;1583420,944966901;77805,11999999996623955667018890;75205442,349484086
2019;TA;TA;prv;1;NA;0,00000000;0,00000000;0,00000000;0;0,000000000000000;0,000000000000000;0,00000000000000;0,000000000;0,00000000000000000000000000;0,000000000
2019;TA;TA;prv;2;NA;0,00000000;0,00000000;0,00000000;0;0,000000000000000;0,000000000000000;0,00000000000000;0,000000000;0,00000000000000000000000000;0,000000000
2019;TA;TA;prv;3;NA;0,00000000;0,00000000;0,00000000;0;0,000000000000000;0,000000000000000;0,00000000000000;0,000000000;0,00000000000000000000000000;0,000000000
2019;TA;TA;prv;4;NA;0,00000000;0,00000000;0,00000000;0;0,000000000000000;0,000000000000000;0,00000000000000;0,000000000;0,00000000000000000000000000;0,000000000
2019;NA;NA;mssf;1;2019-01-01;0,00000000;0,00000000;0,00000000;0;0,000000000000000;0,000000000000000;0,00000000000000;0,000000000;0,00000000000000000000000000;0,000000000
2019;NA;NA;mssf;2;2019-04-01;0,00000000;0,00000000;0,00000000;0;0,000000000000000;0,000000000000000;0,00000000000000;0,000000000;0,00000000000000000000000000;0,000000000
2019;NA;NA;mssf;3;2019-07-01;0,00000000;0,00000000;0,00000000;0;0,000000000000000;0,000000000000000;0,00000000000000;0,000000000;0,00000000000000000000000000;0,000000000
2019;NA;NA;mssf;4;2019-10-01;0,00000000;0,00000000;0,00000000;0;0,000000000000000;0,000000000000000;0,00000000000000;0,000000000;0,00000000000000000000000000;0,000000000
2020;AIS;AIS1;mssf;1;2020-01-01;124423453,50500000;53310272,39000000;0,00000000;0;0,000000000000000;0,000000000000000;0,00000000000000;71113181,114999995;-0,00000000254658516496419907;71113181,114999995
2020;AIS;AIS1;mssf;2;2020-04-01;267507050,25999999;119663290,21500000;0,00000000;0;1,500000000000000;0,000000000000000;0,00000000000000;145015024,694999993;2828735,34999999962747097015380859;147843760,044999987
2020;AIS;AIS1;mssf;3;2020-07-01;228466477,61500001;105257484,11000000;0,00000000;0;0,000000000000000;0,000000000000000;0,00000000000000;123208993,504999995;-0,00000000004365574568510056;123208993,504999995
2020;AIS;AIS1;mssf;4;2020-10-01;27683551,84500000;12483889,87000000;0,00000000;0;0,000000000000000;0,000000000000000;0,00000000000000;15199661,975000000;-0,00000000010186340659856796;15199661,975000000
2020;AIS;AIS1;prv;1;NA;0,00000000;0,00000000;0,00000000;0;0,000000000000000;0,000000000000000;0,00000000000000;0,000000000;0,00000000000000000000000000;0,000000000
2020;AIS;AIS1;prv;2;NA;0,00000000;0,00000000;0,00000000;0;0,000000000000000;0,000000000000000;0,00000000000000;0,000000000;0,00000000000000000000000000;0,000000000
2020;AIS;AIS1;prv;3;NA;0,00000000;0,00000000;0,00000000;0;0,000000000000000;0,000000000000000;0,00000000000000;0,000000000;0,00000000000000000000000000;0,000000000
2020;AIS;AIS1;prv;4;NA;0,00000000;0,00000000;0,00000000;0;0,000000000000000;0,000000000000000;0,00000000000000;0,000000000;0,00000000000000000000000000;0,000000000
2020;AIS;AIS2;mssf;1;2020-01-01;1756226408,36500001;753929025,42999995;0,00000000;0;0,000000000000000;0,000000000000000;0,00000000000000;1002297382,934999943;0,00000000144063960760831833;1002297382,935000062
2020;AIS;AIS2;mssf;2;2020-04-01;2466443248,25299978;1078886929,42400002;0,00000000;0;4,000000000000000;0,000000000000000;0,00000000000000;1380966292,088999987;6590026,73999999649822711944580078;1387556318,828999996
2020;AIS;AIS2;mssf;3;2020-07-01;1705452579,75500011;770907516,41999996;0,00000000;0;4,000000000000000;0,000000000000000;0,00000000000000;932046653,514999986;2498409,82000000216066837310791016;934545063,335000038
2020;AIS;AIS2;mssf;4;2020-10-01;767131736,93500006;300788935,79000002;0,00000000;0;0,000000000000000;0,000000000000000;0,00000000000000;466342801,144999981;0,00000000417639967054128647;466342801,144999981
2020;AIS;AIS3;mssf;1;2020-01-01;513987549,10000002;372577234,06999999;27215511,45000000;0;2,000000000000000;5,000000000000000;0,00000000000000;98320948,939999998;15961634,49000000022351741790771484;141410315,030000001
2020;AIS;AIS3;mssf;2;2020-04-01;625592269,78499997;413861243,49500000;28607732,88000000;0;3,500000000000000;7,000000000000000;0,00000000000000;170447376,620000005;23272349,24000000581145286560058594;211731026,289999992
2020;AIS;AIS3;mssf;3;2020-07-01;630039090,17999995;465977931,66000003;37139568,37000000;0;2,000000000000000;5,000000000000000;0,00000000000000;119528900,929999992;26562586,75000000372529029846191406;164061158,520000011
2020;AIS;AIS3;mssf;4;2020-10-01;198677613,66000000;138442720,88000000;8071071,13000000;0;0,000000000000000;3,000000000000000;0,00000000000000;47195746,500000000;5587033,54999999888241291046142578;60234892,780000001
2020;AIS;AIS4;mssf;1;2020-01-01;445806555,91500002;171483026,09500000;0,00000000;0;0,000000000000000;0,000000000000000;0,00000000000000;274323529,819999993;0,00000000681029632687568665;274323529,819999993
2020;AIS;AIS4;mssf;2;2020-04-01;482064743,94499999;218558726,03500000;0,00000000;0;2,000000000000000;0,000000000000000;0,00000000000000;260467346,599999994;3038671,30999999959021806716918945;263506017,909999996
2020;AIS;AIS4;mssf;3;2020-07-01;266546985,01500002;116809271,51500000;0,00000000;0;2,000000000000000;0,000000000000000;0,00000000000000;149385070,080000013;352643,41999999945983290672302246;149737713,500000000
2020;AIS;AIS4;mssf;4;2020-10-01;135854000,14500001;52264289,94500000;0,00000000;0;0,000000000000000;0,000000000000000;0,00000000000000;83589710,200000003;-0,00000000023283064365386963;83589710,200000003
2020;AIS;AIS4;prv;1;NA;0,00000000;0,00000000;0,00000000;0;0,000000000000000;0,000000000000000;0,00000000000000;0,000000000;0,00000000000000000000000000;0,000000000
2020;AIS;AIS4;prv;2;NA;0,00000000;0,00000000;0,00000000;0;0,000000000000000;0,000000000000000;0,00000000000000;0,000000000;0,00000000000000000000000000;0,000000000
2020;AIS;AIS4;prv;3;NA;0,00000000;0,00000000;0,00000000;0;0,000000000000000;0,000000000000000;0,00000000000000;0,000000000;0,00000000000000000000000000;0,000000000
2020;AIS;AIS4;prv;4;NA;0,00000000;0,00000000;0,00000000;0;0,000000000000000;0,000000000000000;0,00000000000000;0,000000000;0,00000000000000000000000000;0,000000000
2020;AIS;AIS5;mssf;1;2020-01-01;677037832,26499999;446023122,64999998;27625803,11000000;0;18,250000000000000;3,000000000000000;0,00000000000000;172111823,719999999;17953180,57999999076128005981445312;231014709,615000010
2020;AIS;AIS5;mssf;2;2020-04-01;1323406881,73499990;951596828,82000005;59502398,58000000;0;44,250000000000000;6,000000000000000;0,00000000000000;223055660,430000007;47904669,78000000119209289550781250;371810052,915000021
2020;AIS;AIS5;mssf;3;2020-07-01;912293195,56499994;630000186,50000000;36024260,22000000;0;30,250000000000000;7,000000000000000;0,00000000000000;179713998,509999990;52415790,89999999850988388061523438;282293009,064999998
2020;AIS;AIS5;mssf;4;2020-10-01;545260133,50500000;432728309,37000000;31394124,17000000;0;21,250000000000000;2,000000000000000;0,00000000000000;30352905,680000000;16873734,49000000208616256713867188;112531824,134999990
2020;HC;HC;mssf;1;2020-01-01;3408273245,85182238;2739814014,60435534;572197175,22339010;0;150,000000000000000;127,110000000107902;63,50000000000000;33512878,152667210;44276292,94250000268220901489257812;668459231,247467041
2020;HC;HC;mssf;2;2020-04-01;5371001424,40002060;4394611663,37482834;767536171,85582554;0;283,659999999829495;211,500000000000000;115,83000000017422;90891936,771541342;82067401,00250001251697540283203125;976389761,025192738
2020;HC;HC;mssf;3;2020-07-01;5354881057,05064392;4380657886,01203918;770115423,17923009;0;291,269999999944218;215,500000000000000;130,00000000000000;75837496,103476256;80296782,78249999880790710449218750;974223171,038605094
2020;HC;HC;mssf;4;2020-10-01;1326476889,56566334;1090490585,46424842;183882151,37800679;0;70,829999999849221;39,500000000000000;55,33000000017422;15464672,529999999;11919921,44249999895691871643066406;235986304,101414919
2020;HC;HC;prv;1;NA;0,00000000;0,00000000;0,00000000;0;0,000000000000000;0,000000000000000;0,00000000000000;0,000000000;0,00000000000000000000000000;0,000000000
2020;HC;HC;prv;2;NA;0,00000000;0,00000000;0,00000000;0;0,000000000000000;0,000000000000000;0,00000000000000;0,000000000;0,00000000000000000000000000;0,000000000
2020;HC;HC;prv;3;NA;0,00000000;0,00000000;0,00000000;0;0,000000000000000;0,000000000000000;0,00000000000000;0,000000000;0,00000000000000000000000000;0,000000000
2020;HC;HC;prv;4;NA;0,00000000;0,00000000;0,00000000;0;0,000000000000000;0,000000000000000;0,00000000000000;0,000000000;0,00000000000000000000000000;0,000000000
2020;INFR;INFR;mssf;1;2020-01-01;13935733202,85064888;9944173417,25564003;420369638,28500938;0;112,000000000000000;514,000000000000000;27,00000000000000;2325548549,127500057;77266051,39249996840953826904296875;3991559785,595009327
2020;INFR;INFR;mssf;2;2020-04-01;23018805386,77278519;17262106139,06495667;500904697,13782954;0;169,500000000000000;904,000000000000000;70,00000000000000;2956439482,672500134;209072933,79250004887580871582031250;5756699247,707829475
2020;INFR;INFR;mssf;3;2020-07-01;26519563993,91364670;20423268972,01560974;600742734,02229881;0;247,000000000000000;1028,000000000000000;70,00000000000000;2524845053,597499847;185068553,64249998331069946289062500;6096295021,898038864
2020;INFR;INFR;mssf;4;2020-10-01;11202191926,25846291;8504804803,43444920;237710391,51935667;0;91,000000000000000;669,000000000000000;38,00000000000000;798829282,372499943;85220403,80250000953674316406250000;2697387122,824012756
2020;INFR;INFR;prv;1;NA;0,00000000;0,00000000;0,00000000;0;0,000000000000000;0,000000000000000;0,00000000000000;0,000000000;0,00000000000000000000000000;0,000000000
2020;INFR;INFR;prv;2;NA;0,00000000;0,00000000;0,00000000;0;0,000000000000000;0,000000000000000;0,00000000000000;0,000000000;0,00000000000000000000000000;0,000000000
2020;INFR;INFR;prv;3;NA;0,00000000;0,00000000;0,00000000;0;0,000000000000000;0,000000000000000;0,00000000000000;0,000000000;0,00000000000000000000000000;0,000000000
2020;INFR;INFR;prv;4;NA;0,00000000;0,00000000;0,00000000;0;0,000000000000000;0,000000000000000;0,00000000000000;0,000000000;0,00000000000000000000000000;0,000000000
2020;RD;RD;mssf;1;2020-01-01;2395047676,20275021;1477613058,91450000;185120148,10749999;0;0,250000000000000;0,000000000000000;27,50000000000000;699268870,278249979;92622328,49499997496604919433593750;917434617,288249969
2020;RD;RD;mssf;2;2020-04-01;5214252884,93575001;3293006618,48850012;406433915,20249999;0;1,250000000000000;0,000000000000000;58,00000000000000;1449891683,417249918;184901923,95499995350837707519531250;1921246266,447249889
2020;RD;RD;mssf;3;2020-07-01;4568010986,00874996;2799651444,92749977;416853342,98750001;0;1,250000000000000;0,000000000000000;62,50000000000000;1292710400,301249981;172356640,40500000119209289550781250;1768359541,081249952
2020;RD;RD;mssf;4;2020-10-01;1151606539,94374990;798299609,81750000;83489265,46250001;0;1,250000000000000;0,000000000000000;26,00000000000000;248357090,291249990;35997930,84499999880790710449218750;353306930,126249969
2020;RD;RD;prv;1;NA;0,00000000;0,00000000;0,00000000;0;0,000000000000000;0,000000000000000;0,00000000000000;0,000000000;0,00000000000000000000000000;0,000000000
2020;RD;RD;prv;2;NA;0,00000000;0,00000000;0,00000000;0;0,000000000000000;0,000000000000000;0,00000000000000;0,000000000;0,00000000000000000000000000;0,000000000
2020;RD;RD;prv;3;NA;0,00000000;0,00000000;0,00000000;0;0,000000000000000;0,000000000000000;0,00000000000000;0,000000000;0,00000000000000000000000000;0,000000000
2020;TA;TA;mssf;1;2020-01-01;1157990859,89252782;1010993228,03000414;122590753,89160055;0;5,000000000000000;212,889999999892098;15,00000000000000;6291029,702332791;65618,35999999890918843448162079;146997631,862523615
2020;TA;TA;mssf;2;2020-04-01;1871764942,18219495;1603742502,90021706;209068076,85634497;0;9,340000000170519;215,500000000000000;34,66999999982578;16659704,793458655;7312611,73999999742954969406127930;268022439,281977773
2020;TA;TA;mssf;3;2020-07-01;1799263961,15570760;1557551315,65235138;171586553,85347119;0;4,730000000055805;280,500000000000000;32,50000000000000;10631501,961523747;1938684,05999999586492776870727539;241712645,503356189
2020;TA;TA;mssf;4;2020-10-01;644968342,69587445;554338397,36630213;78817185,69763651;0;1,170000000150779;77,500000000000000;12,16999999982578;2500862,345000000;7868,38000000028841895982623100;90629945,329572365
2020;TA;TA;prv;1;NA;0,00000000;0,00000000;0,00000000;0;0,000000000000000;0,000000000000000;0,00000000000000;0,000000000;0,00000000000000000000000000;0,000000000
2020;TA;TA;prv;2;NA;0,00000000;0,00000000;0,00000000;0;0,000000000000000;0,000000000000000;0,00000000000000;0,000000000;0,00000000000000000000000000;0,000000000
2020;TA;TA;prv;3;NA;0,00000000;0,00000000;0,00000000;0;0,000000000000000;0,000000000000000;0,00000000000000;0,000000000;0,00000000000000000000000000;0,000000000
2020;TA;TA;prv;4;NA;0,00000000;0,00000000;0,00000000;0;0,000000000000000;0,000000000000000;0,00000000000000;0,000000000;0,00000000000000000000000000;0,000000000
2020;NA;NA;mssf;1;2020-01-01;0,00000000;0,00000000;0,00000000;0;0,000000000000000;0,000000000000000;0,00000000000000;0,000000000;0,00000000000000000000000000;0,000000000
2020;NA;NA;mssf;2;2020-04-01;0,00000000;0,00000000;0,00000000;0;0,000000000000000;0,000000000000000;0,00000000000000;0,000000000;0,00000000000000000000000000;0,000000000
2020;NA;NA;mssf;3;2020-07-01;0,00000000;0,00000000;0,00000000;0;0,000000000000000;0,000000000000000;0,00000000000000;0,000000000;0,00000000000000000000000000;0,000000000
2020;NA;NA;mssf;4;2020-10-01;0,00000000;0,00000000;0,00000000;0;0,000000000000000;0,000000000000000;0,00000000000000;0,000000000;0,00000000000000000000000000;0,000000000
2021;AIS;AIS1;mssf;1;2021-01-01;132110346,03999999;58819481,59000000;0,00000000;0;0,000000000000000;0,000000000000000;0,00000000000000;73290864,450000003;-0,00000000232830643653869629;73290864,450000003
2021;AIS;AIS1;mssf;2;2021-04-01;37044211,53000000;17843523,84000000;0,00000000;0;1,000000000000000;0,000000000000000;0,00000000000000;16296575,800000001;2904111,88999999966472387313842773;19200687,690000001
2021;AIS;AIS2;mssf;1;2021-01-01;1894254601,51666665;810593008,48000002;0,00000000;0;0,000000000000000;0,000000000000000;0,00000000000000;1083661593,036666632;0,00000000497432968889673523;1083661593,036666632
2021;AIS;AIS2;mssf;2;2021-04-01;1324426008,20666671;588674013,01999998;0,00000000;0;2,000000000000000;0,000000000000000;0,00000000000000;729646153,316666722;6105841,87000000197440385818481445;735751995,186666608
2021;AIS;AIS2;mssf;3;2021-07-01;21955848,28666667;9771838,84000000;0,00000000;0;0,000000000000000;0,000000000000000;0,00000000000000;12184009,446666667;-0,00000000027163575092951453;12184009,446666665
2021;AIS;AIS3;mssf;1;2021-01-01;571613001,38999999;400979346,64333332;27608807,64000000;0;6,000000000000000;2,000000000000000;0,00000000000000;129840670,056666672;22461613,03999999910593032836914062;170633654,746666670
2021;AIS;AIS3;mssf;2;2021-04-01;440648889,88000000;310245513,20333332;25978372,10000000;0;1,000000000000000;7,000000000000000;0,00000000000000;93708218,076666668;11400876,75999999791383743286132812;130403376,676666662
2021;AIS;AIS3;mssf;3;2021-07-01;1665545,84000000;1415713,96333333;0,00000000;0;0,000000000000000;0,000000000000000;0,00000000000000;249831,876666667;0,00000000000000000000000000;249831,876666667
2021;AIS;AIS4;mssf;1;2021-01-01;232222432,28000000;112220141,08000000;0,00000000;0;0,000000000000000;0,000000000000000;0,00000000000000;120002291,200000003;-0,00000000034924596548080444;120002291,200000003
2021;AIS;AIS4;mssf;2;2021-04-01;166951039,68000001;58572338,33000000;0,00000000;0;0,000000000000000;0,000000000000000;0,00000000000000;108378701,349999994;-0,00000000194995664060115814;108378701,349999994
2021;AIS;AIS4;mssf;3;2021-07-01;1091222,20000000;545611,10000000;0,00000000;0;0,000000000000000;0,000000000000000;0,00000000000000;545611,100000000;0,00000000000000000000000000;545611,100000000
2021;AIS;AIS5;mssf;1;2021-01-01;645401387,49666667;421969764,84333336;16958917,98000000;0;30,666666666666668;3,000000000000000;0,00000000000000;155431297,583333343;34613543,93000000715255737304687500;223431622,653333336
2021;AIS;AIS5;mssf;2;2021-04-01;660577529,19666672;427728975,96333331;29077700,07000000;0;22,666666666666668;3,000000000000000;0,00000000000000;162064663,423333347;29311557,69000000879168510437011719;232848553,233333349
2021;AIS;AIS5;mssf;3;2021-07-01;8279192,16666667;6460545,12333333;0,00000000;0;0,666666666666667;0,000000000000000;0,00000000000000;1518058,063333333;300588,97999999998137354850769043;1818647,043333333
2021;HC;HC;mssf;1;2021-01-01;4002095008,45799923;3222130452,71738529;660301407,79354954;0;169,936666666612865;134,666666666666657;120,33333333333333;39532687,882804170;32519705,98666666820645332336425781;779964555,740614295
2021;HC;HC;mssf;2;2021-04-01;2798489377,45176220;2248112270,35435534;438144902,13517809;0;166,496666666644927;137,666666666666657;78,83333333333333;32445121,550666124;23771759,75666666775941848754882812;550377107,097406745
2021;HC;HC;mssf;3;2021-07-01;190294750,25000000;155724272,42333335;24051759,51666667;0;8,666666666666666;6,666666666666666;8,33333333333333;1603860,333333333;711527,26666666672099381685256958;34570477,826666661
2021;INFR;INFR;mssf;1;2021-01-01;14013402531,93999290;10306641441,20432854;452936825,19066548;0;135,333333333333343;581,333333333333371;33,33333333333334;1899444942,558333397;117716212,66999995708465576171875000;3706761090,735665321
2021;INFR;INFR;mssf;2;2021-04-01;13374480578,14865685;9600531067,08047867;336222713,87817746;0;112,333333333333329;433,333333333333314;41,33333333333334;2179826391,603333473;147168288,97999995946884155273437500;3773949511,068177223
2021;INFR;INFR;mssf;3;2021-07-01;430161796,61000001;334490494,98833334;13020409,34666667;0;5,333333333333333;18,333333333333332;2,33333333333333;36478072,948333330;5540044,68999999761581420898437500;95671301,621666685
2021;RD;RD;mssf;1;2021-01-01;2760684288,42999983;1665321587,21000004;221556936,97499999;0;0,000000000000000;0,000000000000000;52,33333333333334;821528431,181666613;60207944,27999999374151229858398438;1095362701,220000029
2021;RD;RD;mssf;2;2021-04-01;1783586263,23499990;1101896806,75000000;109624735,88000000;0;1,000000000000000;0,000000000000000;26,83333333333333;553095824,591666698;48531461,47999998927116394042968750;681689456,485000014
2021;RD;RD;mssf;3;2021-07-01;108576404,48500000;43044871,91000000;2061680,56000000;0;0,000000000000000;0,000000000000000;1,33333333333333;62713069,401666671;825630,33999999379739165306091309;65531532,574999996
2021;TA;TA;mssf;1;2021-01-01;1217194468,93988872;1079774192,01317453;104585912,17044562;0;6,730000000053812;258,666666666666686;25,00000000000000;13001966,020529164;2129224,60999999847263097763061523;137420276,926714122
2021;TA;TA;mssf;2;2021-04-01;1124232199,52743173;957808721,32584584;124926614,37048133;0;4,170000000021732;126,666666666666671;23,50000000000000;6480321,202667209;192325,13999999957741238176822662;166423478,201585948
2021;TA;TA;mssf;3;2021-07-01;16019674,46000000;14566053,48666667;796425,11000000;0;0,000000000000000;5,666666666666666;0,00000000000000;286315,090000000;10058,37999999999738065525889397;1453620,973333333
2021;NA;NA;mssf;1;2021-01-01;0,00000000;0,00000000;0,00000000;0;0,000000000000000;0,000000000000000;0,00000000000000;0,000000000;0,00000000000000000000000000;0,000000000
2021;NA;NA;mssf;2;2021-04-01;0,00000000;0,00000000;0,00000000;0;0,000000000000000;0,000000000000000;0,00000000000000;0,000000000;0,00000000000000000000000000;0,000000000
2021;NA;NA;mssf;3;2021-07-01;0,00000000;0,00000000;0,00000000;0;0,000000000000000;0,000000000000000;0,00000000000000;0,000000000;0,00000000000000000000000000;0,000000000
NA;AIS;AIS1;mssf;NA;NA;0,00000000;0,00000000;0,00000000;0;0,000000000000000;0,000000000000000;0,00000000000000;0,000000000;0,00000000000000000000000000;0,000000000
NA;AIS;AIS2;mssf;NA;NA;0,00000000;0,00000000;0,00000000;0;0,000000000000000;0,000000000000000;0,00000000000000;0,000000000;0,00000000000000000000000000;0,000000000
NA;AIS;AIS3;mssf;NA;NA;0,00000000;0,00000000;0,00000000;0;0,000000000000000;0,000000000000000;0,00000000000000;0,000000000;0,00000000000000000000000000;0,000000000
NA;AIS;AIS4;mssf;NA;NA;0,00000000;0,00000000;0,00000000;0;0,000000000000000;0,000000000000000;0,00000000000000;0,000000000;0,00000000000000000000000000;0,000000000
NA;AIS;AIS5;mssf;NA;NA;0,00000000;0,00000000;0,00000000;0;0,000000000000000;0,000000000000000;0,00000000000000;0,000000000;0,00000000000000000000000000;0,000000000
NA;AIS;AISNA;mssf;NA;NA;0,00000000;0,00000000;0,00000000;0;0,000000000000000;0,000000000000000;0,00000000000000;0,000000000;0,00000000000000000000000000;0,000000000
NA;HC;HC;mssf;NA;NA;0,00000000;0,00000000;0,00000000;0;0,000000000000000;0,000000000000000;0,00000000000000;0,000000000;0,00000000000000000000000000;0,000000000
NA;INFR;INFR;mssf;NA;NA;0,00000000;0,00000000;0,00000000;0;0,000000000000000;0,000000000000000;0,00000000000000;0,000000000;0,00000000000000000000000000;0,000000000
NA;RD;RD;mssf;NA;NA;0,00000000;0,00000000;0,00000000;0;0,000000000000000;0,000000000000000;0,00000000000000;0,000000000;0,00000000000000000000000000;0,000000000
NA;TA;TA;mssf;NA;NA;0,00000000;0,00000000;0,00000000;0;0,000000000000000;0,000000000000000;0,00000000000000;0,000000000;0,00000000000000000000000000;0,000000000
NA;NA;NA;mssf;NA;NA;0,00000000;0,00000000;0,00000000;0;0,000000000000000;0,000000000000000;0,00000000000000;0,000000000;0,00000000000000000000000000;0,000000000
